{
    "accuracy": 0.9802572920647051,
    "precision": 0.45774647887323944,
    "recall": 0.9923664122137404,
    "f1_score": 0.6265060240963856,
    "confusion_matrix": [
        [
            7566,
            154
        ],
        [
            1,
            130
        ]
    ],
    "roc_auc": 0.9952843808092394
}